observation_date,A796RX0Q048SBEA
1947-01-01,3504
1947-04-01,3548
1947-07-01,3548
1947-10-01,3485
1948-01-01,3483
1948-04-01,3503
1948-07-01,3467
1948-10-01,3496
1949-01-01,3494
1949-04-01,3490
1949-07-01,3444
1949-10-01,3485
1950-01-01,3515
1950-04-01,3543
1950-07-01,3589
1950-10-01,3493
1951-01-01,3543
1951-04-01,3477
1951-07-01,3534
1951-10-01,3559
1952-01-01,3515
1952-04-01,3583
1952-07-01,3630
1952-10-01,3666
1953-01-01,3675
1953-04-01,3679
1953-07-01,3628
1953-10-01,3617
1954-01-01,3636
1954-04-01,3612
1954-07-01,3640
1954-10-01,3684
1955-01-01,3707
1955-04-01,3760
1955-07-01,3768
1955-10-01,3826
1956-01-01,3853
1956-04-01,3828
1956-07-01,3813
1956-10-01,3824
1957-01-01,3830
1957-04-01,3829
1957-07-01,3865
1957-10-01,3822
1958-01-01,3774
1958-04-01,3793
1958-07-01,3846
1958-10-01,3881
1959-01-01,3914
1959-04-01,3932
1959-07-01,3930
1959-10-01,3937
1960-01-01,3923
1960-04-01,3943
1960-07-01,3900
1960-10-01,3887
1961-01-01,3897
1961-04-01,3934
1961-07-01,3921
1961-10-01,3957
1962-01-01,3976
1962-04-01,3978
1962-07-01,3993
1962-10-01,3999
1963-01-01,4008
1963-04-01,4009
1963-07-01,4030
1963-10-01,4010
1964-01-01,4066
1964-04-01,4130
1964-07-01,4195
1964-10-01,4189
1965-01-01,4217
1965-04-01,4246
1965-07-01,4295
1965-10-01,4440
1966-01-01,4461
1966-04-01,4492
1966-07-01,4510
1966-10-01,4484
1967-01-01,4523
1967-04-01,4546
1967-07-01,4529
1967-10-01,4536
1968-01-01,4616
1968-04-01,4662
1968-07-01,4723
1968-10-01,4712
1969-01-01,4754
1969-04-01,4754
1969-07-01,4758
1969-10-01,4776
1970-01-01,4805
1970-04-01,4787
1970-07-01,4805
1970-10-01,4844
1971-01-01,4849
1971-04-01,4846
1971-07-01,4822
1971-10-01,4840
1972-01-01,4844
1972-04-01,4963
1972-07-01,5018
1972-10-01,5100
1973-01-01,5119
1973-04-01,5065
1973-07-01,5076
1973-10-01,5044
1974-01-01,4966
1974-04-01,4922
1974-07-01,4920
1974-10-01,4820
1975-01-01,4820
1975-04-01,4915
1975-07-01,4948
1975-10-01,4923
1976-01-01,5012
1976-04-01,5078
1976-07-01,5104
1976-10-01,5144
1977-01-01,5129
1977-04-01,5116
1977-07-01,5127
1977-10-01,5222
1978-01-01,5232
1978-04-01,5259
1978-07-01,5285
1978-10-01,5337
1979-01-01,5347
1979-04-01,5323
1979-07-01,5369
1979-10-01,5381
1980-01-01,5363
1980-04-01,5276
1980-07-01,5247
1980-10-01,5253
1981-01-01,5289
1981-04-01,5300
1981-07-01,5298
1981-10-01,5304
1982-01-01,5303
1982-04-01,5282
1982-07-01,5291
1982-10-01,5332
1983-01-01,5338
1983-04-01,5390
1983-07-01,5459
1983-10-01,5512
1984-01-01,5516
1984-04-01,5625
1984-07-01,5615
1984-10-01,5645
1985-01-01,5669
1985-04-01,5701
1985-07-01,5733
1985-10-01,5770
1986-01-01,5831
1986-04-01,5871
1986-07-01,5869
1986-10-01,5902
1987-01-01,5898
1987-04-01,5931
1987-07-01,5921
1987-10-01,5914
1988-01-01,5966
1988-04-01,6001
1988-07-01,6026
1988-10-01,6074
1989-01-01,6089
1989-04-01,6085
1989-07-01,6129
1989-10-01,6181
1990-01-01,6159
1990-04-01,6147
1990-07-01,6135
1990-10-01,6052
1991-01-01,6037
1991-04-01,6053
1991-07-01,6041
1991-10-01,5969
1992-01-01,6040
1992-04-01,6045
1992-07-01,6059
1992-10-01,6099
1993-01-01,6087
1993-04-01,6117
1993-07-01,6156
1993-10-01,6179
1994-01-01,6245
1994-04-01,6276
1994-07-01,6310
1994-10-01,6357
1995-01-01,6363
1995-04-01,6376
1995-07-01,6378
1995-10-01,6391
1996-01-01,6417
1996-04-01,6481
1996-07-01,6506
1996-10-01,6538
1997-01-01,6559
1997-04-01,6544
1997-07-01,6626
1997-10-01,6652
1998-01-01,6682
1998-04-01,6745
1998-07-01,6773
1998-10-01,6845
1999-01-01,6954
1999-04-01,7001
1999-07-01,7011
1999-10-01,7132
2000-01-01,7052
2000-04-01,7174
2000-07-01,7202
2000-10-01,7252
2001-01-01,7192
2001-04-01,7209
2001-07-01,7223
2001-10-01,7266
2002-01-01,7281
2002-04-01,7269
2002-07-01,7263
2002-10-01,7332
2003-01-01,7376
2003-04-01,7419
2003-07-01,7537
2003-10-01,7562
2004-01-01,7605
2004-04-01,7619
2004-07-01,7655
2004-10-01,7714
2005-01-01,7770
2005-04-01,7814
2005-07-01,7824
2005-10-01,7913
2006-01-01,7977
2006-04-01,7975
2006-07-01,8000
2006-10-01,8091
2007-01-01,8100
2007-04-01,8065
2007-07-01,8070
2007-10-01,8043
2008-01-01,7963
2008-04-01,7958
2008-07-01,7822
2008-10-01,7730
2009-01-01,7711
2009-04-01,7649
2009-07-01,7656
2009-10-01,7663
2010-01-01,7688
2010-04-01,7716
2010-07-01,7728
2010-10-01,7769
2011-01-01,7781
2011-04-01,7750
2011-07-01,7707
2011-10-01,7689
2012-01-01,7732
2012-04-01,7709
2012-07-01,7697
2012-10-01,7681
2013-01-01,7785
2013-04-01,7779
2013-07-01,7822
2013-10-01,7881
2014-01-01,7892
2014-04-01,7958
2014-07-01,8008
2014-10-01,8086
2015-01-01,8152
2015-04-01,8187
2015-07-01,8255
2015-10-01,8269
2016-01-01,8331
2016-04-01,8389
2016-07-01,8399
2016-10-01,8397
2017-01-01,8463
2017-04-01,8531
2017-07-01,8565
2017-10-01,8661
2018-01-01,8714
2018-04-01,8708
2018-07-01,8722
2018-10-01,8770
2019-01-01,8837
2019-04-01,8927
2019-07-01,9000
2019-10-01,8995
2020-01-01,9109
2020-04-01,8820
